unixTime,date,year,month,day,weekday,weekday_str,ethPrice,ethMarketCap,ethTotalVolume,indexPrice,indexMarketCap,indexTotalVolume,indexPriceInETH,indexMarketCapInETH,indexTotalVolumeInETH,rolling7dayTotalVolume,rolling30dayTotalVolume,rolling7dayMeanVolume,rolling30dayMeanVolume
1602028800000,2020-10-06,2020,10,6,1,Tue,340.6160218128092,38419834420.75508,10280978397.300406,3.5501382256783303,0.0,27002.899771354783,0.010397127450729474,0.0,79.08215754286739,,,,
1602115200000,2020-10-07,2020,10,7,2,Wed,341.4437964782809,38556379197.91778,8044228155.819704,3.5501382256783303,0.0,27002.899771354783,0.010397127450729474,0.0,79.08215754286739,,,,
1602201600000,2020-10-08,2020,10,8,3,Thu,350.0556765681245,39539898845.29083,9330978624.154116,5.603985958920426,254228.8944809721,55115.57294276599,0.015970246829121636,726.0920772467172,157.06843494554326,,,,
1602288000000,2020-10-09,2020,10,9,4,Fri,365.33944481939363,41261693685.49925,11301702589.430536,3.9229269935823563,211207.4215637662,59669.16084992228,0.01073850615364991,577.9614311136428,163.33662390818205,,,,
1602374400000,2020-10-10,2020,10,10,5,Sat,370.4718109734285,41919449520.12781,10673988207.878847,2.9767183674030835,186419.58488581303,26187.182400553953,0.008030304209253002,502.48355111039035,70.6452593441362,,,,
1602460800000,2020-10-11,2020,10,11,6,Sun,374.4970150925736,42273071872.950066,8000631027.644073,3.787123980484111,275702.8228420505,61118.01631143523,0.010108880039768613,736.5595686754383,163.14086846503022,,,,
1602547200000,2020-10-12,2020,10,12,0,Mon,387.25555835657167,43787622889.79302,12458841248.929943,2.828149401068246,226156.4870162857,181752.34968376718,0.007300650499366678,583.5421087672843,469.1797335666435,437848.08173115423,,62549.72596159346,
1602633600000,2020-10-13,2020,10,13,1,Tue,381.16877389892255,43068111158.10915,9741612768.02954,3.024219092153297,295245.26107864326,18888.275711250924,0.00793689828153122,774.978927229724,49.57125078096565,429733.45767105033,,61390.49395300719,
1602720000000,2020-10-14,2020,10,14,2,Wed,379.21025376092774,42827891085.95138,10673398919.618017,3.2842215027801136,339147.01472554146,15600.566817726261,0.008649010726954575,895.2262915920932,41.08415636365191,418331.12471742183,,59761.589245345975,
1602806400000,2020-10-15,2020,10,15,3,Thu,377.15868107868175,42625398559.363594,10155629419.116392,3.188902848567269,368832.96865894465,17120.74557077836,0.008460109749742924,978.171099253682,45.42107220083113,380336.2973454342,,54333.75676363346,
1602892800000,2020-10-16,2020,10,16,4,Fri,365.9906423831468,41424753265.12099,9375570544.203642,2.8431007872470078,368743.7766403177,41436.18178017275,0.0077733638497351,1006.3365116040245,113.29127654068749,362103.31827568467,,51729.04546795495,
1602979200000,2020-10-17,2020,10,17,5,Sat,368.6504703636898,41654901940.043465,8087278469.473757,2.9672338853193274,426884.0204689408,33976.40020995615,0.008047806376440977,1158.5987524205905,92.15164723314997,369892.5360850869,,52841.79086929812,
1603065600000,2020-10-18,2020,10,18,6,Sun,378.0493653237596,42730815492.78595,7527761590.194419,3.1171947816981387,476726.5245556835,39657.40395127349,0.008243876856163707,1261.3652572664682,104.87979658150788,348431.9237249251,,49775.98910356073,
1603152000000,2020-10-19,2020,10,19,0,Mon,379.6394773321801,42919073937.74135,8995049004.81075,2.812433799009447,466951.2160907138,220507.19812954532,0.007404355813756722,1230.223345979352,580.5341107124918,387186.7721707033,,55312.39602438618,
1603238400000,2020-10-20,2020,10,20,1,Tue,368.2270142350454,41623179886.79757,7492023938.775781,3.8247339569889918,655459.8166827537,196523.03549523195,0.010374503338274449,1780.488549133051,533.0642368124795,564821.5319546843,,80688.79027924061,
1603324800000,2020-10-21,2020,10,21,2,Wed,391.16674217757225,44137912522.42472,12728437763.916903,3.6090243650532186,709848.7378819674,178217.45293563406,0.009225703166944611,1818.811231875615,455.575012425508,727438.4180725921,,103919.7740103703,
1603411200000,2020-10-22,2020,10,22,3,Thu,413.2018903361906,46776265907.292244,12229478488.701916,3.071464939442108,614283.2569350426,115458.76847289992,0.007429194835284773,1485.5417802722454,279.2692423124356,825776.4409747137,,117968.06299638767,
1603497600000,2020-10-23,2020,10,23,4,Fri,408.88948864371923,46233128841.054825,11171063368.78023,2.8074689642371258,571173.6423119933,120136.90675200743,0.006872105030254441,1397.7957962117193,294.07037147212696,904477.1659465483,,129211.02370664976,
1603584000000,2020-10-24,2020,10,24,5,Sat,411.95921775305027,46625376044.79527,9333976948.222593,2.81997940103818,592400.089300268,128320.51528768409,0.006843861807507021,1438.3861712902458,311.42350663046983,998821.2810242762,,142688.75443203945,
1603670400000,2020-10-25,2020,10,25,6,Sun,406.157094148215,45985592948.88831,8489563012.362298,2.9475676906804513,687995.1523431763,138900.55917868417,0.007256615588278124,1691.114599285959,341.95922493773196,1098064.436251687,,156866.34803595528,
1603756800000,2020-10-26,2020,10,26,0,Mon,393.38290839224464,44537523611.830605,14982520071.004465,2.9359032464515713,701108.7804399539,317450.14664441126,0.007463900409890523,1781.7839319393213,807.0484892588956,1195007.3847665528,,170715.34068093612,
1603843200000,2020-10-27,2020,10,27,1,Tue,403.529837833562,45687568527.06391,10384433736.852089,2.726858594925324,733929.1258317581,245566.85370104332,0.006760185116720222,1818.1864600045083,608.7874863181407,1244051.2029723641,,177721.60042462344,
1603929600000,2020-10-28,2020,10,28,2,Wed,388.87733988207765,43943405500.51123,11312414332.858248,2.6202560484857087,706754.6978171179,179667.6296623483,0.006741420006397764,1819.01806030398,462.25060860285066,1245501.3796990784,,177928.76852843977,
1604016000000,2020-10-29,2020,10,29,3,Thu,386.4460129872924,43798925859.1192,10294153382.842941,2.6496885835772974,731765.4705541511,142033.43775379178,0.0068608402845244465,1891.717305978685,367.76726802177524,1272076.0489799704,,181725.14985428148,
1604102400000,2020-10-30,2020,10,30,4,Fri,382.9007710380906,43341298725.501526,10598788554.534933,2.7471118794562153,767421.7825425914,42947.23791173373,0.007161631586997307,2002.1519956105897,111.96205655222306,1194886.3801396966,,170698.05430567096,
1604188800000,2020-10-31,2020,10,31,5,Sat,385.8445887975079,43692767478.3082,9009356073.612816,2.4857623724833577,730394.0539217149,71430.8461959824,0.0064434913466472595,1894.2824979851598,185.16011202136153,1137996.711047995,,162570.95872114212,
1604275200000,2020-11-01,2020,11,1,6,Sun,394.9363420491719,44687833549.98935,8655139278.000864,2.431648586938135,745411.3860988083,120987.10234909668,0.006162373130588052,1890.0057150066266,306.6099569932423,1120083.2542184074,,160011.8934597725,
1604361600000,2020-11-02,2020,11,2,0,Mon,383.8498034220404,43437224863.28803,8492071098.35507,2.459663344005925,766708.6379536042,231704.51011498526,0.0064167884067172255,1999.2426976611991,604.4724851932216,1034337.6176889814,,147762.51681271163,
1604448000000,2020-11-03,2020,11,3,1,Tue,387.616373722075,43903834507.362854,9513314551.14123,2.52801929219543,793254.2572525479,125385.36742711933,0.006520782989441206,2046.7517271707386,323.41951407085594,914156.1314150575,,130593.73305929393,
1604534400000,2020-11-04,2020,11,4,2,Wed,401.7330968324722,45360338717.11154,11648560618.489246,1.7343452192426536,553730.1229028604,217245.88579621582,0.004321331335322885,1383.0066954448596,541.2944570349792,951734.3875489249,3397011.109580727,135962.05536413213,113233.70365269089
1604620800000,2020-11-05,2020,11,5,3,Thu,415.9277704309719,47077208350.069885,13606373470.76514,1.3504068473546165,445861.5612600595,250253.04605172705,0.0032471667935669696,1073.6209054560609,601.7544880789261,1059953.9958468603,3620261.2558610993,151421.99940669435,120675.37519536998
1604707200000,2020-11-06,2020,11,6,4,Fri,454.6515430984697,51546745852.677986,16264349016.82086,1.3973713750991263,468842.53199020313,157196.57402445664,0.003070019956449442,1031.165895273733,345.36031576167755,1174203.331959583,3750454.930114201,167743.3331370833,125015.16433714003
1604793600000,2020-11-07,2020,11,7,5,Sat,435.4183540833094,49463138492.48698,15146746571.79792,2.9024689711520275,1229772.0758859795,440347.52058129635,0.006666638630865223,2812.106399620492,1011.4277950567708,1543120.0063448972,4135686.8777527316,220445.71519212818,137856.2292584244
1604880000000,2020-11-08,2020,11,8,6,Sun,455.3583669721691,51682115129.3641,11155033976.455217,2.5585953387601914,1094761.9589171617,249716.75398798558,0.005624315145556779,2402.921918965592,548.9284297041163,1671849.6579837862,4325734.470890795,238835.66542625517,144191.14902969316
1604966400000,2020-11-09,2020,11,9,0,Mon,445.0512933420698,50377035452.20988,12036099592.129189,2.623103686313383,1140717.1019212832,215648.59622967528,0.0058914939020084335,2565.7741106224275,484.3469956193049,1655793.7440984761,4515195.884719917,236541.96344263945,150506.52949066387
1605052800000,2020-11-10,2020,11,10,1,Tue,449.8161845012962,51000796202.07293,7873172432.585956,4.017688084766513,1778707.3547063824,326140.8106131881,0.00893209610669074,3952.522304635381,725.073973700553,1856549.187284545,4780218.679021669,265221.3124692207,159340.62263405562
1605139200000,2020-11-11,2020,11,11,2,Wed,463.18087172032307,52569790942.69943,11456937853.526192,4.680774558777571,2139159.411982474,187517.9842443063,0.01012622927349128,4620.098691593569,405.6700611226775,1826821.2857326353,4785984.313582208,260974.46939037647,159532.81045274026
1605225600000,2020-11-12,2020,11,12,3,Thu,462.2056195794902,52548309254.49251,11096201853.108873,5.067060254049323,2385197.967114234,369341.5353610368,0.01096582008627158,5146.9901785177835,799.3062296663618,1945909.775041945,5136437.573231994,277987.1107202779,171214.5857743998
1605312000000,2020-11-13,2020,11,13,4,Fri,475.9690936576015,53963588841.127716,10814357418.247974,4.8410859408469715,2289418.8507769657,204187.36028418798,0.010162009585624807,4810.504196130682,428.6133189588287,1992900.5613016766,5325024.366698456,284700.0801859538,177500.81222328186
1605398400000,2020-11-14,2020,11,14,5,Sat,462.7183970607933,52476765553.11609,9774490045.968235,5.836592944778307,2795992.3144448344,290096.8368926189,0.012618462311024422,6044.814838989285,627.176854289939,1842649.877612999,5598000.458020296,263235.696801857,186600.0152673432
1605484800000,2020-11-15,2020,11,15,6,Sun,449.2068016397434,50978678612.60896,8946780761.302334,7.17669105152201,3601583.1516756276,555491.145596307,0.01598442213028313,8009.109513102697,1237.228257020046,2148424.2692213203,6112055.42183643,306917.7527459029,203735.180727881
1605571200000,2020-11-16,2020,11,16,0,Mon,461.3711967052673,52356872782.26836,9874800384.414816,12.84693066602701,6812567.154617561,1001334.293453388,0.02785937247462117,14761.87134210675,2171.456029314489,2934109.966445033,7079413.315079862,419158.5666350047,235980.44383599542
1605657600000,2020-11-17,2020,11,17,1,Tue,482.1983847235396,54716609289.542305,12534266981.990389,12.158410212462732,6869060.748706917,1888827.5613119605,0.025199222224204846,14248.27486589633,3914.737587313403,4496796.717143806,8928583.472440548,642399.5310205437,297619.44908135163
1605744000000,2020-11-18,2020,11,18,2,Wed,479.43766136247405,54435713128.05311,15390748756.847664,11.310816802769956,6992374.160490994,795393.7937863109,0.023586128541588244,14586.768710876007,1658.6123344187822,5104672.52668581,9503470.068097316,729238.9323836871,316782.33560324385
1605830400000,2020-11-19,2020,11,19,3,Thu,471.31795839441156,53447508889.231575,10960245344.173328,11.380999065069469,6708744.835527024,696819.3435173978,0.02415173759981285,14250.761384269092,1478.7276444612658,5432150.3348421715,10003766.376119481,776021.4764060245,333458.8792039827
1605916800000,2020-11-20,2020,11,20,4,Fri,508.79221458524455,57875755337.83428,15567496836.779345,8.617537030852258,5092773.221131976,771714.4511120802,0.01693356038117391,9997.720035001781,1516.4278619454337,5999677.425670063,10597263.374295928,857096.7750957233,353242.1124765309
1606003200000,2020-11-21,2020,11,21,5,Sat,548.842116249849,62062910159.27977,17270632325.076218,8.913059545861197,5313638.122558318,1111616.1230133567,0.01628070870105932,9744.289595568542,2030.4922448975663,6821196.711790802,11593420.728836384,974456.6731129717,386447.3576278795
1606089600000,2020-11-22,2020,11,22,6,Sun,560.5088874583059,64219272617.02369,20803203330.719395,8.312057170237955,5089907.492601437,634030.703302313,0.014823793995748093,9014.877580176735,1130.7357902187894,6899736.269496808,12107314.52538669,985676.6099281154,403577.150846223
1606176000000,2020-11-23,2020,11,23,0,Mon,608.2733109189421,68705033455.82259,22868894446.116894,7.180745692589458,4401869.904899062,389594.6505932843,0.01181851959223627,7277.072734535283,641.2192003706461,6287996.6266367035,12368588.66069229,898285.232376672,412286.28868974297
1606262400000,2020-11-24,2020,11,24,1,Tue,602.6662623938871,68461935305.63655,19964356486.3813,7.4386125135466905,4549762.967867751,482107.45802992425,0.012348125009464722,7544.718891815995,800.3002104098515,4881276.523354667,12711795.55954353,697325.2176220954,423726.518651451
1606348800000,2020-11-25,2020,11,25,2,Wed,568.2751530404493,64369854808.743355,15178975818.650188,6.264948256396157,3934911.8507858957,334731.15375647263,0.011034233776404287,6942.164580672357,589.550248722899,4420613.883324829,12729076.56665559,631516.2690464042,424302.552221853
1606435200000,2020-11-26,2020,11,26,3,Thu,518.4670452162002,58947811751.581924,25993581649.401203,5.547772302079561,3618195.3158191657,336088.46876344114,0.010693200917525167,6972.241421679055,647.8026362408046,4059883.0085708722,12819598.18171799,579983.286938696,427319.93939059967
1606521600000,2020-11-27,2020,11,27,4,Fri,517.5530264056014,58773961397.899704,14714678172.404446,5.7730097949154375,3816420.204771555,259813.36398277726,0.01116635561198484,7379.106408147859,502.5400125828542,3547981.9214415695,12899743.916038416,506854.56020593847,429991.4638679472
1606608000000,2020-11-28,2020,11,28,5,Sat,537.3926120944484,61290956964.36442,9637463879.915295,5.2731531918198895,3521930.631953342,307133.6732001981,0.009796656852726399,6529.848214454773,570.6041707506918,2743499.4716284107,13064844.151484823,391928.4959469158,435494.8050494941
1606694400000,2020-11-29,2020,11,29,6,Sun,574.7511196548439,65121266717.863914,13623124682.204208,5.67086214230818,3833419.941988071,322703.8065740808,0.009879041179794913,6687.463766169811,562.1727550450239,2432172.5749001782,13344600.720147172,347453.22498573974,444820.0240049057
1606780800000,2020-11-30,2020,11,30,0,Mon,612.2637856122055,69576210026.93625,18811269166.61186,4.922768412101043,3576581.84733985,253982.72414022096,0.008016885782951384,5837.147792683717,413.6189883053974,2296560.648447115,13527152.59809141,328080.09263530216,450905.08660304704
1606867200000,2020-12-01,2020,12,1,1,Tue,589.5818443540976,66950738084.67838,23557071520.39523,4.3525630060527085,3296866.5744493445,239328.92091391844,0.007381933694561718,5588.517087989048,405.901126053948,2053782.1113311092,13645494.416656232,293397.44447587273,454849.8138885411
1606953600000,2020-12-02,2020,12,2,2,Wed,598.760610095824,68153602806.21818,14839044995.297548,4.436790690380232,3410687.7624091404,279783.66401943605,0.007409880720229236,5688.776469892688,467.2664821326164,1998834.6215940728,13693573.570560683,285547.80308486754,456452.45235202275
1607040000000,2020-12-03,2020,12,3,3,Thu,616.506661565682,70109767421.9594,12249197831.015257,3.9338889127573995,3194367.7663115775,381633.0109664961,0.006383877840689586,5176.904888757501,619.3104523322631,2044379.1637971275,13949821.21410006,292054.1662567325,464994.040470002
1607126400000,2020-12-04,2020,12,4,4,Fri,571.1904316349736,64944263291.91259,14326184164.36095,4.099399030291307,3353104.604685237,286230.07857855665,0.007165763431205014,5836.974765868294,500.3311497205991,2070795.878392907,14018805.4068824,295827.9826275582,467293.51356274664
1607212800000,2020-12-05,2020,12,5,5,Sat,595.9194139680376,67764042948.9772,11764206188.844515,4.221875881713973,3453185.242286303,299570.8576673522,0.007088342376346061,5800.647783314213,502.96618484666504,2063233.062860061,14068123.218498025,294747.58040858014,468937.44061660086
1607299200000,2020-12-06,2020,12,6,6,Sun,601.9689349244918,68483582708.01654,11453823478.195438,4.2445987085925925,3731998.2245314196,254551.13103475192,0.007053042121661191,6198.433075320333,422.97516739807446,1995080.3873207325,14165477.77550832,285011.4839029618,472182.592516944
1607385600000,2020-12-07,2020,12,7,0,Mon,592.3865066820175,67474119685.86511,10010900862.848228,4.18655196434413,4294373.970502871,265380.37584193965,0.007067669358442729,7238.7845053600795,448.0108611201554,2006478.039022451,13990510.630768962,286639.71986035013,466350.3543589654
1607472000000,2020-12-08,2020,12,8,1,Tue,554.329674302381,63305670197.47529,13501656447.613894,4.411932369319074,4816195.602218672,204547.9067829851,0.00794813091498481,8655.463513838768,368.4946652407985,1971697.0248915178,13945341.783563964,281671.0035559311,464844.7261187988
1607558400000,2020-12-09,2020,12,9,2,Wed,573.8953091099941,65276424697.152855,14024278560.088686,5.350461333344639,5942282.863778463,294608.01934426156,0.009325724117067412,10356.021403092403,513.4946203531927,1986521.3802163433,14024301.206678549,283788.7686023348,467476.70688928495
1607644800000,2020-12-10,2020,12,10,3,Thu,560.4542654076048,63759073874.73225,11590043392.322668,4.603290353153649,5116477.53867591,263387.4160672754,0.008218731193766775,9130.847625648648,470.25284229458435,1868275.7853171225,13961547.812132638,266896.54075958894,465384.92707108794
1607731200000,2020-12-11,2020,12,11,4,Fri,545.9828352633687,62124158560.85701,11334198380.977062,4.369944389314161,4865982.143882585,198915.7316695945,0.008018201379183498,8912.787691227919,364.9809361223372,1780961.4384081603,13972945.559557924,254423.0626297372,465764.85198526416
1607817600000,2020-12-12,2020,12,12,5,Sat,568.3587534073821,64655118180.3175,9511330147.764025,5.101402527932187,5677742.7085617045,264741.2835950311,0.00898119396361844,9994.596490036034,466.0861018367963,1746131.8643358392,13868345.307791919,249447.40919083418,462278.1769263973
1607904000000,2020-12-13,2020,12,13,6,Sun,590.3244403029342,67134794851.681,9082894202.250328,6.048653873302316,6779792.299300642,286008.7507672446,0.010244664109559267,11480.980679708588,484.4158130684008,1777589.4840683318,13950166.698274976,253941.35486690453,465005.55660916585
1607990400000,2020-12-14,2020,12,14,0,Mon,585.5418949360015,66629545532.422066,7794572085.232029,6.102274557803627,6833475.423336747,378005.6026036076,0.01042163352999125,11664.004629183091,645.5684393257148,1890214.7108299998,14038075.463985965,270030.67297571426,467935.84879953216
1608076800000,2020-12-15,2020,12,15,1,Tue,589.0668316450424,67041487308.61978,10160486192.82214,5.63494212303424,6315161.833778918,285569.1241579361,0.009562827738682028,10718.509136824414,484.6275759684586,1971235.9282049509,13768153.442547593,281605.1326007073,458938.4480849198
1608163200000,2020-12-16,2020,12,16,2,Wed,635.9618893796135,72301103108.2225,14781462845.092134,6.685719218737167,7446702.248489167,299029.970994465,0.010516033878494476,11724.88780250472,470.34719867535574,1975657.8798551543,13065849.12008867,282236.8399793078,435528.3040029557
1608249600000,2020-12-17,2020,12,17,3,Thu,644.0652701929779,72955533475.1786,19729196033.853626,5.873752964767812,6582168.010924057,252827.61440843786,0.009128346001416699,10229.28737445577,392.91709353054443,1965098.0781963167,11429849.17318515,280728.2968851881,380994.972439505
1608336000000,2020-12-18,2020,12,18,4,Fri,654.4204162965752,74135277407.04251,16512361338.574877,6.241676207732167,7003734.909640363,263498.3322877644,0.009539591276699984,10757.654611402328,402.7229719163307,2029680.6788144866,10897953.711686602,289954.3826877838,363265.1237228867
1608422400000,2020-12-19,2020,12,19,5,Sat,659.3188076372094,75092677592.1047,14703775003.28234,5.2271664539564435,5856329.044837274,263080.4734220488,0.00792703714868123,8880.092312109104,398.9635119292498,2028019.8686415043,10464214.841591252,289717.1240916435,348807.1613863751
1608508800000,2020-12-20,2020,12,20,6,Sun,639.5154368778184,72618785345.5407,12845420666.191206,4.892167732215521,5475720.36846312,273708.16121614777,0.007650270132181468,8575.921237190034,428.0191287999685,2015719.2790904073,9966208.55169532,287959.89701291535,332206.95172317734
1608595200000,2020-12-21,2020,12,21,0,Mon,610.4270278980672,69545799024.42459,14563648896.243877,4.138997900045215,4651842.380992382,217034.0613174336,0.006770524198500971,7594.873202019425,355.02177085728295,1854747.7378042336,9071626.489999397,264963.96254346194,302387.5496666466
1608681600000,2020-12-22,2020,12,22,1,Tue,634.9797234431858,72327947935.45154,11548425748.838194,5.237763127120612,5618378.168849044,308510.15356114414,0.008230109563908457,8851.887446092369,484.7627324419039,1877688.7672074414,8746105.940258227,268241.2524582059,291536.86467527424
1608768000000,2020-12-23,2020,12,23,2,Wed,587.9588954992439,67468061368.13851,16795838161.84157,4.100635789126545,4632332.825679358,260305.39629880193,0.006975507861196092,7828.2210702725915,442.8001977178332,1838964.1925117786,8616816.685963746,262709.17035882553,287227.2228654582
1608854400000,2020-12-24,2020,12,24,3,Thu,612.8796570505974,69867514814.01097,15132872519.529186,5.137769856768378,5752624.894398414,315713.43944535305,0.00838282179095042,9379.848308599183,515.1202902543179,1901850.0175486938,8450422.667379174,271692.8596498134,281680.7555793058
1608940800000,2020-12-25,2020,12,25,4,Fri,626.4567387784558,71422858091.1277,13125875205.90394,5.2539195499188125,5896304.009665088,265936.7118430022,0.008390950360422842,9409.629584504339,424.72324269281717,1904288.3971039315,8381628.225465704,272041.1995862759,279387.60751552344
1609027200000,2020-12-26,2020,12,26,5,Sat,636.7423171944997,72391403990.8806,14640527408.48169,5.002619251962525,5608929.276863068,205759.80216929378,0.007864282294517938,8841.864458502276,323.46118855411396,1846967.7258511765,8251299.558871557,263852.53226445377,275043.3186290519
1609113600000,2020-12-27,2020,12,27,6,Sun,689.6598573269875,78833072066.0927,24721301579.88044,4.7216772636932705,5327758.530475663,230511.23189147588,0.006887357379541904,7728.014969326073,336.23925257297844,1803770.7965265047,8221997.4267802555,257681.54236092925,274066.5808926752
1609200000000,2020-12-28,2020,12,28,0,Mon,732.9570292975275,83575563402.66385,22707049400.143177,4.521135489433296,5087348.737672044,207068.40743100486,0.006161870596338433,6935.231933800218,282.21422121982624,1793805.1426400759,8121932.161011062,256257.87752001084,270731.07203370205
1609286400000,2020-12-29,2020,12,29,1,Tue,735.5908981625738,83885243123.81543,17170428247.761232,4.58368335052629,5153377.952831682,205488.31777698366,0.006207091462513758,7010.73653731166,278.26633852737245,1690783.3068559153,8004716.672213964,241540.4724079879,266823.8890737988
1609372800000,2020-12-30,2020,12,30,2,Wed,752.8559324490188,85790178023.44371,13293869466.928808,4.826181027015769,5419625.964645169,190022.78433177486,0.006410518390731983,7213.546935511121,252.40341106105794,1620500.6948888884,7940756.732405519,231500.0992698412,264691.89108018397
1609459200000,2020-12-31,2020,12,31,3,Thu,738.6169381520413,84037694047.35515,18166112097.655663,4.224144239425238,4760266.692192526,208217.67170440155,0.0057192859856758016,6453.260809565067,281.9166070690483,1513004.9271479368,7909645.4831960015,216143.56102113382,263654.8494398667
1609545600000,2021-01-01,2021,1,1,4,Fri,730.1473402196374,83294083323.20639,13843183079.15519,4.160729886902845,4666827.386520635,170406.3845833252,0.005697952374649196,6396.188003101882,233.36469563870406,1417474.5998882598,7800268.203759891,202496.37141260854,260008.9401253297
1609632000000,2021-01-02,2021,1,2,5,Sat,777.6960653039432,88595346035.55156,20443662605.68775,4.511584189550463,5079456.777644612,205968.66779741787,0.005797332211339129,6535.590636763001,264.66729693623574,1417683.4655163838,7624603.860590813,202526.2093594834,254153.46201969375
1609718400000,2021-01-03,2021,1,3,6,Sun,967.0005967288458,112525376104.65454,140906534190.58786,5.470056089235319,6240964.941632342,335528.01968308963,0.005606915877018737,6333.91534116869,343.92286844151204,1522700.2533079977,7673901.801695345,217528.60761542825,255796.72672317817
1609804800000,2021-01-04,2021,1,4,0,Mon,1025.6547675669035,116693162132.74934,62285144708.39812,5.647518209019635,6311097.2778376015,294032.0147228222,0.005537742616369366,6188.4231370368425,288.3166655234517,1609663.860599815,7668362.958750815,229951.98008568786,255612.09862502717
1609891200000,2021-01-05,2021,1,5,1,Tue,1103.3582516225742,125112930227.72487,47148245967.40434,5.876800630835747,6826372.687944616,255508.5093945344,0.00532796102565031,6208.391554595635,231.64634386831113,1659684.0522173657,7669320.337110599,237097.72174533797,255644.01123701996
1609977600000,2021-01-06,2021,1,6,2,Wed,1208.5750928728885,137306782958.13135,47886847354.00142,5.737283978479322,6654094.364852253,397250.2072865461,0.00474909278347541,5543.02577914669,328.82773447074305,1866911.4751721371,7801190.168555205,266701.6393103053,260039.6722851735
1610064000000,2021-01-07,2021,1,7,3,Thu,1229.4713150147782,139084939665.71393,43042878463.81648,7.2973783268182135,9020468.471125191,640487.4312890858,0.005931006204167983,7384.653920481703,520.5615987739939,2299181.234756821,8237129.693061305,328454.46210811724,274570.98976871016
1610150400000,2021-01-08,2021,1,8,4,Fri,1223.7296883535275,139145700786.27826,48132624602.86217,7.546796663374107,9335234.720402535,330141.51847513986,0.0061812618930436455,7663.103950857374,270.4049517281643,2458916.3686486357,8272663.192192184,351273.7669498051,275755.43973973946
1610236800000,2021-01-09,2021,1,9,5,Sat,1282.979575527323,147397891905.5662,34851118090.66404,7.633027693967182,9542769.66224391,310308.1717858533,0.0059472260785003814,7404.567336833229,241.77468307565366,2563255.872637071,8319583.947910761,366179.41037672444,277319.4649303587
1610323200000,2021-01-10,2021,1,10,6,Sun,1267.7310031512136,144775179901.584,44541377224.12463,8.15336003637405,10192166.52042197,361440.2138125317,0.006426448662246316,7974.353629110776,284.88585910288697,2589168.0667665135,8482108.4300537,369881.1523952162,282736.94766845665
1610409600000,2021-01-11,2021,1,11,0,Mon,1092.9143378806064,124728988376.03725,67107873698.86543,6.274276212125946,7774783.1321843285,331617.76324723096,0.005737426136267008,7125.442296249551,303.24333162571895,2626753.8152909223,8548984.9097059,375250.5450415603,284966.1636568633
1610496000000,2021-01-12,2021,1,12,1,Tue,1045.406815230412,119330774034.78914,37495863245.02223,5.844205132017823,7251749.341076071,288831.17766152666,0.005577478681832283,6929.795948607023,275.64907453881017,2660076.4835579144,8551807.33660018,380010.9262225592,285060.2445533394
1610582400000,2021-01-13,2021,1,13,2,Wed,1132.0155910164729,128582223216.03041,32166268470.073753,6.045008776434162,7464625.393507985,315115.5382322966,0.005339954539751729,6654.313627349912,278.36231693983683,2577941.814503665,8488917.272228869,368277.4020719522,282963.9090742956
1610668800000,2021-01-14,2021,1,14,3,Thu,1216.9147884634556,138240285220.32953,34339866026.50668,7.014920029322868,8627198.335245704,395546.4600194225,0.005754280206723933,7145.277297058439,324.4634516452481,2333000.8432340017,8598894.608090356,333285.8347477145,286629.82026967854
1610755200000,2021-01-15,2021,1,15,4,Fri,1171.8600177046465,133962341262.37857,39499008134.408424,6.704878320685859,8312341.142167147,282386.2505719131,0.005710801533416565,7083.262431304648,240.5191795660914,2285245.5753307748,8582250.887667805,326463.6536186821,286075.0295889268
1610841600000,2021-01-16,2021,1,16,5,Sat,1234.6318700828049,141369013157.282,38277998837.56892,7.096384909833345,8825753.916634746,357772.8230908331,0.005738020792730418,7151.918688658849,289.28925418411006,2332710.2266357546,8687196.096350199,333244.3180908221,289573.2032116733
1610928000000,2021-01-17,2021,1,17,6,Sun,1229.379698072007,142087383372.707,35508914212.36928,7.982449932823448,9945105.241151243,481048.90690478176,0.0065013044633522735,8064.594834395684,391.79016866624943,2452318.9197280044,8904746.670967218,350331.2742468578,296824.8890322406
1611014400000,2021-01-18,2021,1,18,0,Mon,1255.976691513213,143378258827.21744,30802895108.229195,7.601591365864876,9862074.9348874,491175.9368349422,0.0060584512939575765,7859.874779365798,391.4661216125383,2611877.093315716,9132842.134380111,373125.29904510226,304428.0711460037
1611100800000,2021-01-19,2021,1,19,1,Tue,1383.4840902277115,157929393133.71045,52274850962.437416,8.16075657879524,10108789.317956526,466291.4826141085,0.005889496336028444,7313.03162905108,336.5156100247856,2789337.398268298,9325425.45577807,398476.7711811854,310847.51519260235
1611187200000,2021-01-20,2021,1,20,2,Wed,1385.8529958752583,156457140894.28006,52021227614.32531,7.736770916950767,9525707.84829351,430028.5938476408,0.005636924658862475,6960.707466311199,313.31401830249484,2904250.453883642,9538419.988308279,414892.9219833774,317947.3329436093
1611273600000,2021-01-21,2021,1,21,3,Thu,1122.912432537305,130713677392.4996,49658518028.423325,7.2551572305845395,9095786.84879795,276953.7632044565,0.0064279848161297405,7964.077067302412,245.3778089251423,2785657.757068676,9506863.59795159,397951.108152668,316895.453265053
1611360000000,2021-01-22,2021,1,22,4,Fri,1236.6834427536564,140271927461.8329,48657448380.08583,8.181646915433896,10119601.938476961,411450.2567383927,0.006615053748061604,8235.568975602888,332.6671990505803,2914721.7632351555,9658008.45839118,416388.82331930794,321933.615279706
1611446400000,2021-01-23,2021,1,23,5,Sat,1231.176379704471,140773242456.76056,30774910632.149376,9.59801607899102,11913725.23258448,556219.2416207062,0.007795731617017889,9677.234911345684,451.77418877090304,3113168.1817650287,9898514.260566534,444738.3116807184,329950.4753522178
1611532800000,2021-01-24,2021,1,24,6,Sun,1392.5397634449737,158167202909.14236,39913977039.25946,11.199351912885382,13759872.030255241,782125.9341244472,0.008070634525382965,9940.731024020843,563.6265934173942,3414245.2089846944,10414703.48284798,487749.31556924206,347156.7827615993
1611619200000,2021-01-25,2021,1,25,0,Mon,1323.4295031020106,151940348541.692,44124188232.248085,10.4304982748841,12968937.617510159,442241.7779172152,0.007882390596497093,9761.751309079807,334.20478483052597,3365311.050066967,10651185.458595902,480758.72143813816,355039.5152865301
1611705600000,2021-01-26,2021,1,26,1,Tue,1355.233724240999,155446593758.92108,40367492548.543144,13.315834388012965,16535791.555235403,1099045.6321379778,0.009821933837819284,12170.584402252842,810.6704521138402,3998065.199590836,11519719.858842403,571152.1713701194,383990.6619614134
1611792000000,2021-01-27,2021,1,27,2,Wed,1253.141671558609,141774137750.6659,38752412145.036766,14.618926011416152,18554845.40674854,1498795.6455446454,0.011725884064000346,14950.99445361237,1202.1884481500695,5066832.25128784,12811447.096956043,723833.1787554057,427048.2365652014
1611878400000,2021-01-28,2021,1,28,3,Thu,1328.773619066556,152877389472.9714,32668893126.715786,18.692925778419486,23350164.96103573,675143.1298989431,0.014110739311279711,17466.109948510566,509.64567113425636,5465021.617982328,13281101.909078002,780717.3739974754,442703.39696926676
1611964800000,2021-01-29,2021,1,29,4,Fri,1380.2842591352105,158354114909.26474,49454503567.54182,19.69360946392686,24511740.20191587,1564398.9712421896,0.01426567106026109,17690.11384358184,1133.2204577139983,6617970.332486125,14655478.095988417,945424.3332123036,488515.93653294723
1612051200000,2021-01-30,2021,1,30,5,Sat,1372.427228964234,157410718624.21973,29581914651.14533,20.134580481887934,25077755.916672204,1079674.854469043,0.014672743206998854,18262.523347525825,786.7952302720494,7141425.9453344615,15526935.278753057,1020203.7064763516,517564.5092917686
1612137600000,2021-01-31,2021,1,31,6,Sun,1317.0474362291777,150322722005.1637,24723054987.874157,24.279948839052942,30064453.841983166,2052161.1232369612,0.01842010284487224,22889.81964800154,1556.8821497462354,8411461.134446975,17408690.017406695,1201637.3049209963,580289.6672468898
1612224000000,2021-02-01,2021,2,1,0,Mon,1368.6644548123775,155894407853.50046,28544048877.677177,25.018835426099233,31013619.32405247,1455382.5679778275,0.018296500496346003,22736.365276111235,1064.3344273971013,9424601.924507588,18658103.917587105,1346371.7035010841,621936.7972529035
1612310400000,2021-02-02,2021,2,2,1,Tue,1514.2251957516528,174557101587.54166,42952410181.632454,33.81238028645937,42215469.49797436,1545600.2755587695,0.022336736201536905,27676.73737972467,1021.0362398533784,9871156.56792838,19868176.173462782,1410165.2239897684,662272.539115426
1612396800000,2021-02-03,2021,2,3,2,Wed,1661.000824367477,189023794263.7008,42202356538.206825,33.228222774016594,42538325.28625601,2163632.9151725112,0.02012648304899712,25773.797805400427,1310.5221271576281,10535993.837556247,21737777.07391247,1505141.9767937495,724592.5691304157
1612483200000,2021-02-04,2021,2,4,3,Thu,1587.8008991859367,183982328605.4526,42668487953.81155,27.666263108746655,35556052.53871838,2001107.0416110463,0.017403989301796333,22220.23381351937,1258.8344658999997,11861957.74926835,23483375.606128987,1694565.3927526213,782779.1868709662
1612569600000,2021-02-05,2021,2,5,4,Fri,1724.8569083393102,196424150368.47876,39147540640.174576,27.134595137157724,34486434.351905376,1896756.4821482582,0.015805037065485205,20086.061886688647,1104.8002136394762,12194315.260174418,24982881.880990695,1742045.037167774,832762.7293663565
1612656000000,2021-02-06,2021,2,6,5,Sat,1683.941297865053,192164042318.95844,36776919163.51647,23.751283117481307,29453143.806862783,1628212.346411845,0.014131257184826388,17584.77448997627,968.7345018307946,12742852.752117218,25970606.796113458,1820407.5360167455,865686.8932037819
1612742400000,2021-02-07,2021,2,7,6,Sun,1608.6405479857196,184109385158.1494,38849634841.44165,22.670755051866195,30309726.882689398,931737.4573149533,0.014076911219491327,18803.416790298128,578.5420660445765,11622429.08619521,26572202.73495327,1660347.0123136013,885740.091165109
1612828800000,2021-02-08,2021,2,8,0,Mon,1750.997553719215,198719063426.16904,45540524354.89187,23.51244712234488,30902641.249472063,330378.2738852899,0.013471479694340923,17814.092634568828,189.29055682457707,10497424.792102674,26592272.837052707,1499632.113157525,886409.0945684236
1612915200000,2021-02-09,2021,2,9,1,Tue,1769.053533934599,203102939465.473,42127693213.60732,22.12171269897189,29413657.00572925,1166832.8556873042,0.012509643843624704,16569.376490701776,659.8342383483762,10118657.372231208,27397665.47892748,1445522.4817473155,913255.5159642493
1613001600000,2021-02-10,2021,2,10,2,Wed,1739.164209004836,199919369275.37125,40563120176.97226,23.480222090275166,31131717.888159957,1299984.371416419,0.013514231475973661,17880.13915765113,748.2165050621853,9255008.828475116,28366032.087096665,1322144.118353588,945534.4029032221
1613088000000,2021-02-11,2021,2,11,3,Thu,1782.5088691218523,203774834938.25632,33868453070.396435,23.15168224781093,30524248.807386156,952119.8531737166,0.012981799348227957,17173.6812014657,533.88037884522,8206021.640037786,29029320.76260886,1172288.8057196836,967644.0254202953
1613174400000,2021-02-12,2021,2,12,4,Fri,1841.1977507032907,210344318124.73236,36105354379.40371,27.011490406544713,36384396.84842798,1731683.9116192323,0.014660507177481562,19823.414727581017,939.8727738944721,8040949.06950876,30445889.135995794,1148707.009929823,1014862.9711998597
1613260800000,2021-02-13,2021,2,13,5,Sat,1810.8425457323726,207890872554.91016,33305061601.17683,29.527330908317037,39288812.6219249,1725429.9551296553,0.016317176142144552,21636.270343608758,953.4943942682237,8138166.678226571,31775772.631106026,1162595.239746653,1059192.4210368677
1613347200000,2021-02-14,2021,2,14,6,Sun,1804.9841464366498,207057026271.03055,30218599726.89195,30.336536113141438,40407807.30703973,1971729.9045916512,0.016832476263706486,22359.53823882192,1094.030534458484,9178159.125503268,33465116.285125762,1311165.5893576096,1115503.8761708587
1613433600000,2021-02-15,2021,2,15,0,Mon,1775.758351701864,203972439068.60135,37652347195.44906,28.06276079923486,37178414.96684207,2217898.579542952,0.01582054655096539,20908.80353392327,1250.3533766334206,11065679.43116093,35325242.04157788,1580811.3473087044,1177508.0680525962
1613520000000,2021-02-16,2021,2,16,1,Tue,1782.5753090505934,204528599567.24704,33252538989.620327,28.280951318667714,37390852.015763424,1437926.142798205,0.015860173105428765,20971.914049376093,806.3999432206995,11336772.718271831,36282119.277471304,1619538.9597531187,1209403.9759157102
1613606400000,2021-02-17,2021,2,17,2,Wed,1845.5739221567521,211713928319.03534,33582379213.069286,30.195721516586502,39927723.88103273,1444370.643214796,0.016367362984462445,21699.24024996964,782.9102076137615,11481158.990070207,37235313.98385116,1640165.5700100295,1241177.1327950386
1613692800000,2021-02-18,2021,2,18,3,Thu,1938.5694368074617,221863277318.4042,34799956643.698685,25.488715025112693,33789752.24831676,1196030.9996261247,0.013150642614898704,17507.696158089475,617.0799986161198,11725070.136522615,37965053.50086317,1675010.0195032307,1265501.7833621057
1613779200000,2021-02-19,2021,2,19,4,Fri,1969.9797177628186,226038410300.14252,34796767875.96328,25.86934320312309,34230507.03071086,1364859.5485325363,0.013125268175737954,17393.275538721646,692.48559795455,11358245.773435919,38899884.45554807,1622606.5390622742,1296662.8151849357
1613865600000,2021-02-20,2021,2,20,5,Sat,1929.367692879665,221404545098.43417,44957939435.53464,26.686796613966212,35047902.79267187,1158934.5856920003,0.013904426431041336,18356.178541958692,603.8312098017246,10791750.403998265,39781865.27803562,1541678.6291426092,1326062.1759345206
1613952000000,2021-02-21,2021,2,21,6,Sun,1941.4267676797988,223004310602.46854,33064349740.90669,30.45804171491291,40172966.51933984,457985.0522868011,0.015694383142107762,20731.621353218114,235.98998751216553,9278005.551693415,39828400.07358402,1325429.3645276309,1327613.335786134
1614038400000,2021-02-22,2021,2,22,0,Mon,1788.6152102806425,204731064486.9056,53799590366.036766,27.406397271504254,36222699.58464204,1194120.2800791822,0.015354257547957802,20389.973557987145,668.9981956380261,8254227.252229646,40466301.1120425,1179175.3217470923,1348876.7037347502
1614124800000,2021-02-23,2021,2,23,1,Tue,1563.9246059011416,179691686731.1511,62714754623.34122,23.184945256841434,30829102.49827398,1021087.4396171261,0.014767027112216414,19659.472115079014,650.3541732676891,7837388.549048567,40705262.61753518,1119626.9355783667,1356842.0872511726
1614211200000,2021-02-24,2021,2,24,2,Wed,1628.391533792655,185843232352.39114,40313400449.155266,23.232917052098042,30395045.343561362,976524.8721630549,0.014277785504068474,18740.550145332818,600.1232059179972,7369542.777996826,41239545.71178102,1052791.825428118,1374651.523726034
1614297600000,2021-02-25,2021,2,25,3,Thu,1468.8601037286776,168658293547.98462,31736119376.25847,17.570876158986383,23351224.40298044,935130.9914697784,0.011907905481085654,15733.764829429078,633.7448035088996,7108642.769840479,41075631.07111282,1015520.395691497,1369187.7023704273
1614384000000,2021-02-26,2021,2,26,4,Fri,1450.988746804119,167151176870.9801,36682073651.905846,17.255601872764743,23043380.967700794,750501.253031632,0.011906394504290232,15811.801117389603,517.8471351186223,6494284.474339575,40327336.678599805,927754.9249056535,1344244.5559533269
1614470400000,2021-02-27,2021,2,27,5,Sat,1480.1295768477528,167833687528.28204,28221473460.214203,16.294492603717984,21554786.63165561,909400.1519946001,0.011063822966510926,14635.51821915213,617.4750286541982,6244750.040642176,40561593.70069546,892107.148663168,1352053.1233565153
1614556800000,2021-02-28,2021,2,28,6,Sun,1416.661552837565,163289758568.53607,35420463945.47327,16.4957189482721,22165644.360350408,822330.3437439688,0.011687943619038303,15544.787065817505,582.6572775665935,6609095.332099343,39819525.07319724,944156.4760141919,1327317.502439908
1614643200000,2021-03-01,2021,3,1,0,Mon,1570.3996896340539,179885012253.05722,31604939381.863796,20.257764865114094,26391386.885951865,851156.1257320215,0.01290876305416558,16864.028875404438,542.3783335592759,6266131.177752182,39591006.34446022,895161.5968217403,1319700.2114820073
1614729600000,2021-03-02,2021,3,2,1,Tue,1497.0891042633873,172017777678.2973,29049758215.725,18.356517822062045,22957056.906619277,128416.09846615038,0.012266033607766114,15336.090122709707,85.80909488568028,5373459.836601206,37667261.31968941,767637.119514458,1255575.3773229802
1614816000000,2021-03-03,2021,3,3,2,Wed,1579.4271687603093,182133382817.63593,30352405292.089714,18.426553057491493,24354526.577817567,670816.6882140781,0.011665313588127361,15360.880715503095,424.67449032660153,5067751.652652229,36882695.43992566,723964.5218074613,1229423.1813308555
1614902400000,2021-03-04,2021,3,4,3,Thu,1546.4996211167372,177647949967.0106,29848246930.850037,15.903265070972985,21037868.277967893,874069.416027936,0.010296976468569703,13611.420507267758,565.9386401829917,5006690.077210387,36211164.58039483,715241.4396014839,1207038.8193464943
1614988800000,2021-03-05,2021,3,5,4,Fri,1539.0484290947375,176268279969.45792,28537887161.018692,16.036157545036424,22010374.042154673,787575.1628077283,0.01041289136302093,14338.091083381607,511.40272147480755,5043763.986986483,34835106.82803004,720537.7124266404,1161170.2276010015
1615075200000,2021-03-06,2021,3,6,5,Sat,1661.9279698998157,191505024384.2956,31094969328.98433,16.421169025839248,21769339.37965744,710731.0750191103,0.009891674538693643,13085.394578106008,428.12545608430526,4845094.9100109935,33544730.861438107,692156.4157158562,1118157.6953812703
1615161600000,2021-03-07,2021,3,7,6,Sun,1727.463096224567,198695961501.5439,29416647567.957836,16.72553115990215,22178069.138306417,735137.3101768752,0.009679374003410587,12823.722538124568,425.4375482030946,4757901.8764439,32383111.689466726,679700.2680634143,1079437.0563155576
1615248000000,2021-03-08,2021,3,8,0,Mon,1837.5330305439452,211132676701.59906,35353973627.380775,17.979485393360815,23823022.322060075,844518.49818758,0.009788588717474516,12968.93568889642,459.78202724923636,4751264.248899458,31599417.84124246,678752.0355570654,1053313.9280414153
1615334400000,2021-03-09,2021,3,9,1,Tue,1869.3311016255,214412034435.93906,31147565432.965343,15.955498329495224,23473042.70483796,630294.8817766773,0.008539407370414682,12632.839164581568,337.33479505485855,5253143.032209985,31297975.26570418,750449.0046014264,1043265.8421901393
1615420800000,2021-03-10,2021,3,10,2,Wed,1802.3110916881178,207916309215.61444,31746963272.74199,17.607493351121736,23668085.910954177,252682.6089104711,0.009749211311504075,13117.51482718698,139.90953169114124,4835008.952906378,31220279.60072936,690715.564700911,1040675.9866909788
1615507200000,2021-03-11,2021,3,11,3,Thu,1826.0574768119818,210018342198.09778,31257932436.53519,17.80895541983447,23900344.25821402,674853.1542017378,0.009743512552059583,13088.244277864578,369.2209915601413,4635792.69108018,30728299.899243798,662256.09872574,1024276.6633081266
1615593600000,2021-03-12,2021,3,12,4,Fri,1770.9361793697751,203771682506.1516,28436574756.548508,15.81871938419645,21250135.008367088,93184.09380651612,0.008933248777811374,11978.525584522344,52.62351976103444,3941401.6220789677,29521499.621633895,563057.3745827096,984049.9873877965
1615680000000,2021-03-13,2021,3,13,5,Sat,1927.7207203999014,222405459430.76758,32785949401.529545,17.79529063173773,23969204.65452019,1217120.2271506144,0.009223715627285876,12384.566200790281,630.8619000261077,4447790.774210472,29786499.995610792,635398.6820300674,992883.3331870264
1615766400000,2021-03-14,2021,3,14,6,Sun,1866.0715447008808,215367930757.887,26379565439.25233,17.36236784306035,23306784.228926662,688050.9799765386,0.009284881084582223,12493.939304329304,367.9493250550998,4400704.444010136,28742867.0639681,628672.0634300194,958095.5687989367
1615852800000,2021-03-15,2021,3,15,0,Mon,1791.047851830107,207264868908.9888,32950345872.852455,23.27567855839903,31519489.896671847,1544877.2703056587,0.013007429275143069,17450.115560001734,863.3424706333942,5101063.216128214,28562314.379144102,728723.3165897449,952077.14597147
1615939200000,2021-03-16,2021,3,16,1,Tue,1808.5512173614395,207059072434.72623,30686971237.08834,21.870389938800425,30666616.678436946,1109278.0029937073,0.012130017651682317,17035.769422002184,615.2410539816195,5580046.337345244,27699862.47754616,797149.4767636063,923328.7492515387
1616025600000,2021-03-17,2021,3,17,2,Wed,1828.7548332342565,210150824167.56415,30744899541.009495,23.457367044447142,31319707.87775394,600496.1198269891,0.012831817048581213,17150.920336165327,328.4876914532858,5927859.8482617615,26082460.017830193,846837.1211802516,869415.333927673
1616112000000,2021-03-18,2021,3,18,3,Thu,1780.1596459528505,205022936620.98633,29651777827.921936,24.880969299083027,33496562.407894485,1300189.904672559,0.013935367086695872,18801.680897513055,728.212128162385,6553196.598732583,25944723.77970455,936170.9426760833,864824.1259901517
1616198400000,2021-03-19,2021,3,19,4,Fri,1817.1329628084297,209188785173.5874,27345983317.046707,26.89460223560481,36231902.93157232,392859.8849844522,0.014834404758630364,19910.03627216147,216.69190331333704,6852872.389910519,24893213.021474205,978981.769987217,829773.7673824735
1616284800000,2021-03-20,2021,3,20,5,Sat,1817.8601431294944,209455699202.5177,29495472699.399334,31.142429520348603,41828475.480085984,1922740.7081839954,0.017128802702676648,22991.058309429343,1057.5361892484673,7558492.8709439,25619922.73003208,1079784.6958491285,853997.4243344027
1616371200000,2021-03-21,2021,3,21,6,Sun,1790.3780747526928,206013222508.0891,29228757709.8678,31.099561728868707,41813497.477015294,2172025.646125554,0.017370434307813928,23371.038549599227,1213.1691478432772,9042467.537092917,26427088.827625096,1291781.0767275596,880902.9609208365
1616457600000,2021-03-22,2021,3,22,0,Mon,1686.8911971580417,195434685366.63266,31376731220.175137,27.489331433185704,37014993.78542696,1109206.5921941365,0.016226158297520738,21812.09602912782,654.7326112074091,8606796.858981393,26377360.834127232,1229542.4084259134,879245.3611375744
1616544000000,2021-03-23,2021,3,23,1,Tue,1673.8591835627929,192388701720.41965,28758919428.479744,29.896360391867727,39992359.16429248,932813.6446529008,0.017859523523577312,23958.775582441216,557.2453305829173,8430332.500640588,26852189.42649333,1204333.2143772268,895072.980883111
1616630400000,2021-03-24,2021,3,24,2,Wed,1581.631055931366,183005042939.6772,38413713634.36278,28.13767803379266,37009566.45262302,806625.3634063166,0.017732210807663528,23173.507557206987,508.3308924620985,8636461.744219914,26464694.50982047,1233780.2491742733,882156.4836606823
1616716800000,2021-03-25,2021,3,25,3,Thu,1587.2979641585232,182810172113.94278,26325124557.630264,36.32576807718572,48684136.58181213,1024325.29983843,0.02289608504248592,30688.322632818174,645.6309231077261,8360597.139385786,26467932.37004177,1194371.0199122552,882264.4123347256
1616803200000,2021-03-26,2021,3,26,4,Fri,1700.3668693581185,195511706252.9431,24804294373.644676,46.96890253940564,62682315.526876174,2811824.8682805393,0.027605100817908294,36944.354719748255,1652.5978844420372,10779562.122681873,28303232.366159257,1539937.4460974105,943441.0788719752
1616889600000,2021-03-27,2021,3,27,5,Sat,1713.8378756834459,197943394049.89084,21118379279.876865,41.23510474029314,54688454.38069896,1636406.0484604777,0.024051702256299847,31833.687238176393,954.4865059969238,10493227.462958356,29004507.42314995,1499032.4947083367,966816.9141049983
1616976000000,2021-03-28,2021,3,28,6,Sun,1689.0367982059097,194647792269.71985,19859272131.74501,49.69595236251265,66445196.687571086,1630693.9057436981,0.029443838694024994,39406.72783921305,966.1528965136717,9951895.722576499,29884700.07586202,1421699.3889394999,996156.6691954007
1617062400000,2021-03-29,2021,3,29,0,Mon,1817.626388088868,209088522651.80023,32618518751.6075,46.99369896003723,63545714.47182612,1783223.7926878151,0.025853606603304827,35027.74945168901,981.0414468758698,10625912.923070177,30758523.716555234,1517987.5604385969,1025284.1238851745
1617148800000,2021-03-30,2021,3,30,1,Tue,1840.294951985396,212080597430.12268,28496809577.711266,50.09568369965105,66509389.20958758,542188.8538098555,0.02722195247044727,36146.84249320398,294.624968029351,10235288.132227132,30478382.22662112,1462184.0188895904,1015946.074220704
1617235200000,2021-03-31,2021,3,31,2,Wed,1915.8325358462234,221210690537.73203,28955571443.672318,47.3291538875166,63761830.31866189,710786.4926678003,0.024731009872561452,33226.440769334535,371.40887431091693,10139449.261488615,30338012.5935569,1448492.7516412307,1011267.0864518967
1617321600000,2021-04-01,2021,4,1,3,Thu,1970.4711995232753,227187483748.8278,32076778812.4586,42.57168277087345,57434489.892395474,1160129.3835815904,0.021583128467690376,29083.619929429457,588.1661211220704,10275253.345231777,31369725.878672343,1467893.335033111,1045657.5292890781
1617408000000,2021-04-02,2021,4,2,4,Fri,2134.101788297294,246446284273.69153,35467665330.67185,46.03809642628498,62322236.315813795,1319596.3121215934,0.021606106718949195,29180.319210189755,619.2988189961886,8783024.78907283,32018505.502579857,1254717.8270104043,1067283.516752662
1617494400000,2021-04-03,2021,4,3,5,Sat,2016.6672472930366,233519912234.63,34872897876.651085,40.836193347439256,55036429.20586144,546024.1623921272,0.020143282493933323,26988.9642124481,269.3375177749678,7692642.90300448,31690460.248944048,1098948.986143497,1056348.6749648016
1617580800000,2021-04-04,2021,4,4,6,Sun,2077.755212422407,239721240194.1402,26817722961.480415,40.65582453981651,54874961.53035096,846895.2404489281,0.019567233317585066,26400.430854065242,407.60203373042384,6908844.23770971,31749780.326585244,986977.7482442444,1058326.0108861749
1617667200000,2021-04-05,2021,4,5,0,Mon,2097.7963827792596,242118495324.83636,30867393925.630993,42.09197100306888,58474829.96255406,1007946.3756729526,0.02005584102096268,27856.97213893164,480.2629049297405,6133566.820694847,32046995.62723909,876223.8315278353,1068233.1875746364
1617753600000,2021-04-06,2021,4,6,1,Tue,2115.0554517461082,244306254505.299,33391498272.783157,46.12312200572103,63482251.377047926,1306298.3840356274,0.021800818108167277,29949.266353531355,617.4424502708457,6897676.350920619,32618156.70109784,985382.3358458028,1087271.8900365946
1617840000000,2021-04-07,2021,4,7,2,Wed,1989.1480619041722,229324263726.26553,39604003543.54452,41.001115441129386,55472231.54035713,1317262.4156675285,0.020661168724019092,27843.79379256968,663.7912342407751,7504152.273920348,33090900.61857779,1072021.7534171925,1103030.0206192597
1617926400000,2021-04-08,2021,4,8,3,Thu,2081.3540625398964,240116470865.16214,27145394978.191498,41.82960300343405,61176542.66344929,1124761.97962332,0.020095533471125256,29403.19179417135,540.3515784434754,7468784.869962078,33585367.716424435,1066969.2671374397,1119512.2572141478
1618012800000,2021-04-09,2021,4,9,4,Fri,2069.6677960855295,238825167325.68292,25076796421.07279,42.87288791453682,63790066.29567737,1094709.619511048,0.02070064554979403,30881.068594809454,528.5670482152057,7243898.177351532,34427394.72702501,1034842.5967645046,1147579.8242341669
1618099200000,2021-04-10,2021,4,10,5,Sat,2142.7960653929085,246336623343.47812,32243242817.777157,40.23016068788626,59815283.156070806,383093.77186683594,0.018802486747252444,28111.99334578435,179.04764597796074,7080967.786826241,34135635.34469011,1011566.826689463,1137854.5114896703
1618185600000,2021-04-11,2021,4,11,6,Sun,2150.2651427927744,247431817683.18906,25369863410.044476,36.21744659403563,54068078.747932434,846500.0874264161,0.0168838361253782,25247.85014732777,394.6211039234223,7080572.633803729,34888951.33831,1011510.3762576756,1162965.0446103334
1618272000000,2021-04-12,2021,4,12,0,Mon,2142.476275865736,247289165411.20078,29096213677.73583,34.225351806323694,50576475.89415258,719057.1190450386,0.015980318317848026,23590.503590601005,335.73830638992445,6791683.377175815,34390888.23020443,970240.4824536879,1146362.9410068144
1618358400000,2021-04-13,2021,4,13,1,Tue,2304.3435163110134,265314823430.1463,35760747636.05728,36.760779959981406,54686636.21628186,323038.0317046345,0.01598200871038561,23797.52524074319,140.44306573771354,5808423.024844822,34025875.28193253,829774.7178349745,1134195.8427310844
1618444800000,2021-04-14,2021,4,14,2,Wed,2429.6615277515734,281118122172.12756,43351853140.30176,38.07349065715884,57579598.39601886,395947.3225841397,0.015717492569527387,23658.093294940583,163.45491293875702,4887107.931761432,32876945.334211007,698158.2759659189,1095898.1778070335
1618531200000,2021-04-15,2021,4,15,3,Thu,2514.1684155812304,290591950682.4659,37106765660.11614,42.974825375026036,63633758.72775281,486367.2224083848,0.017094445161672023,25289.010857230314,193.46623841609588,4248713.174546498,32254034.553625684,606959.024935214,1075134.4851208562
1618617600000,2021-04-16,2021,4,16,4,Fri,2424.5538447081194,280617563098.8275,43982805217.511246,35.80185877633788,51485291.594489306,1143385.1716816623,0.01476814532470272,21251.904216070743,471.64250557473895,4297388.726717112,32796923.60548036,613912.6752453017,1093230.7868493453
1618704000000,2021-04-17,2021,4,17,5,Sat,2345.266962776132,271060261616.9552,35627176091.57985,34.38056224787099,51303082.22396192,625862.1427641471,0.014659680670822127,21862.89526765471,266.8641394149115,4540157.097614422,32122595.843571946,648593.8710877746,1070753.1947857316
1618790400000,2021-04-18,2021,4,18,6,Sun,2245.7607533508544,259329079995.44214,61890227351.97623,36.749569549984564,54765472.11230612,467908.97336575465,0.01635527488372787,24432.598697919108,208.24134741363343,4161565.983553762,32197644.93195325,594509.426221966,1073254.8310651083
1618876800000,2021-04-19,2021,4,19,0,Mon,2168.032726735651,251090482814.8267,40335730705.29044,33.45282977375601,49906234.12497604,695591.6439986429,0.015412059619139405,22988.11832668677,320.46615967575303,4138100.5085073663,30970495.867767897,591157.2155010523,1032349.8622589299
1618963200000,2021-04-20,2021,4,20,1,Tue,2324.2846872281943,269456185695.19864,44737302423.76558,35.97727342229607,53581880.71833789,904853.9709987086,0.015461216328510217,22979.08742040524,388.860568367932,4719916.44780144,29703324.19264105,674273.7782573486,990110.8064213683
1619049600000,2021-04-21,2021,4,21,2,Wed,2373.501344298211,274296843910.20834,43726884251.94589,34.91019459575908,52118256.5642867,783179.5395100372,0.014720302610178093,21867.08340721034,330.2370540520615,5107148.664727338,29377297.13995695,729592.6663896197,979243.2379985651
1619136000000,2021-04-22,2021,4,22,3,Thu,2426.0711497906045,280712855517.3182,63343308067.3157,44.775555100039476,66888052.30053498,1423002.869721364,0.018482597563329237,27523.261020286933,587.3916987463414,6043784.312040318,29867486.365025416,863397.7588629025,995582.8788341805
1619222400000,2021-04-23,2021,4,23,4,Fri,2364.2312036020908,273323480799.64493,69126869461.51704,37.840028629960024,56223619.40474031,789983.7382175291,0.015993594094687234,23776.278716669232,333.89719056531715,5690382.878576184,29850844.73983663,812911.8397965977,995028.1579945543
1619308800000,2021-04-24,2021,4,24,5,Sat,2212.8437976342047,258340689899.58817,35640594314.43296,33.937292310579146,48057243.56828044,847319.5543935521,0.015332711509249858,21404.579671291714,382.81505091119544,5911840.290205589,29673838.99439175,844548.6128865127,989127.966479725
1619395200000,2021-04-25,2021,4,25,6,Sun,2307.35532084471,266776799157.93356,36744402576.60037,32.800284972447606,46545889.47413376,664790.8958832681,0.014279799395794419,20221.644135224065,289.42067550137915,6108722.212723102,27526805.02199448,872674.6018175861,917560.167399816
1619481600000,2021-04-26,2021,4,26,0,Mon,2532.3868028851084,292829223558.3116,42791797037.03227,37.53284026950399,53203703.45537876,244883.3511639157,0.014832912845364647,21046.619686679216,96.77747218204834,5658013.919888374,26135282.324697915,808287.7028411963,871176.0774899306
1619568000000,2021-04-27,2021,4,27,1,Tue,2647.158189660288,306136280873.3804,37611597877.629944,42.85818345346209,59798636.066814184,867888.1789561452,0.016245169883252943,22706.999210984122,328.96846694678777,5621048.127845812,25372476.597910363,803006.8754065445,845749.2199303454
1619654400000,2021-04-28,2021,4,28,2,Wed,2748.7845851218613,317353332381.2044,42878743228.1645,42.83556400389912,60749551.025112785,773716.2565236433,0.015585434258316455,22140.036470099716,281.5114994060147,5611584.8448594175,24362969.06174619,801654.9778370596,812098.968724873
1619740800000,2021-04-29,2021,4,29,3,Thu,2757.497552304977,318971242360.58826,38536865198.32878,43.132410317526066,61242721.54268691,234015.9581018474,0.01560992764812019,22175.716368430207,84.6920482204317,4422597.9332399005,24054796.16603818,631799.7047485572,801826.5388679394
1619827200000,2021-04-30,2021,4,30,4,Fri,2776.70371169874,321155845972.33514,35477884578.62226,40.857885262999496,58231416.46644263,1065947.8822003794,0.014713815177935158,20977.438249711464,383.8710698571373,4698562.077222751,24409957.555570766,671223.1538889644,813665.2518523589
1619913600000,2021-05-01,2021,5,1,5,Sat,2944.9169473185057,340730211563.77893,36721647718.00421,43.3606389353279,61746721.07284654,806920.0270755583,0.01470769717848713,20902.10342370829,273.7029641833667,4658162.549904757,24056748.199064728,665451.7928435367,801891.6066354909
1620000000000,2021-05-02,2021,5,2,6,Sun,2953.2973480804735,341953594507.36664,35727432415.51426,44.53177852082804,61804085.849156536,140023.5622789331,0.015065538130176552,20914.04678368106,47.371346636195206,4133395.2163004223,22877175.44922207,590485.0309000603,762572.514974069
1620086400000,2021-05-03,2021,5,3,0,Mon,3439.8550695192603,398258027094.341,64192650586.42862,63.147755651362715,90340476.92880334,2659145.0272109513,0.018349596151600464,26192.968701784448,772.6994705441224,6547656.892347458,24990296.31404089,935379.5560496368,833009.8771346963
1620172800000,2021-05-04,2021,5,4,1,Tue,3245.663148933579,380565712269.779,78437235045.70189,55.8515761229253,80020687.01877013,2206943.3627555394,0.01720437859912593,24284.37635866492,679.821265493156,7886712.076146852,26350344.436347507,1126673.1537352647,878344.8145449169
1620259200000,2021-05-05,2021,5,5,2,Wed,3524.562728476055,409191426695.66266,63552342594.19045,55.38695030513024,79001614.01645394,1234450.9048271684,0.015698953786679154,22365.160471158648,349.89447153242054,8347446.724450378,26576848.96550172,1192492.389207197,885894.9655167239
1620345600000,2021-05-06,2021,5,6,3,Thu,3495.0758690360576,405355930465.5294,50430169752.9615,61.62949370223247,87821420.914245,1794562.3230589256,0.017632755690266785,25023.112222971697,513.4405154509554,9907993.089407455,27065112.90452502,1415427.5842010651,902170.430150834
1620432000000,2021-05-07,2021,5,7,4,Fri,3493.534500000208,404284565609.95483,44980768421.369,60.127610057483054,85981656.44245644,1651721.8143541322,0.01721104564633412,24623.262762594553,472.7921085623933,10493767.02156121,27399572.303211622,1499109.574508744,913319.0767737207
1620518400000,2021-05-08,2021,5,8,5,Sat,3912.7429165968124,450716254202.56744,60174921874.24125,66.25815038463962,94877505.01388167,1276314.067882112,0.016991106047574107,24378.62845677269,327.2953976454955,10963161.062367762,27551124.391470414,1566165.8660525375,918370.8130490138
1620604800000,2021-05-09,2021,5,9,6,Sun,3932.754068170969,455448294000.9345,61625657297.19764,59.145295961629806,84550636.20153533,1302331.33027025,0.015049959033995189,21589.17389773971,331.38786188458903,12125468.830359079,27758746.102229618,1732209.83290844,925291.5367409872
1620691200000,2021-05-10,2021,5,10,0,Mon,3979.6086519212827,461040789541.05756,80827215917.6633,60.95151970261784,87385523.33778243,1053957.7396106585,0.01531318494561796,21983.850940701435,264.79158961528384,10520281.542758785,28429610.06997344,1502897.3632512551,947653.6689991147
1620777600000,2021-05-11,2021,5,11,1,Tue,4182.790285752286,481380994613.09344,67869198116.36811,67.03150278465534,94935803.58815613,968897.2446889222,0.01601050127159861,22852.243634549573,231.4214947257823,9282235.424692169,28552007.227235947,1326033.6320988813,951733.5742411983
1620864000000,2021-05-12,2021,5,12,2,Wed,3906.108903329409,465647015108.638,78772032254.80873,57.60266918718606,84835697.47812103,1548277.5026627376,0.01468509679890055,21136.289779566217,394.7144345738089,9596062.022527738,29381227.610853646,1370866.0032182483,979374.2536951215
1620950400000,2021-05-13,2021,5,13,3,Thu,3750.3415950592753,431105320829.47766,97383442023.26581,50.590967390568544,72785244.81614383,1355013.7412359533,0.013570592694023755,19632.343556666856,363.47080369422787,9156513.440704767,30413203.320384964,1308073.3486721094,1013773.4440128321
1621036800000,2021-05-14,2021,5,14,4,Fri,4088.73170832043,473724804234.6842,63587729060.25979,57.615441374823575,77879637.21678141,137112.85924907716,0.014125486851779391,19094.979252594487,33.61574335485421,7641904.485599711,30154368.8570499,1091700.6407999587,1005145.6285683301
1621123200000,2021-05-15,2021,5,15,5,Sat,3659.9218442136184,425715131137.06134,58150860876.149025,50.89785660723899,73587322.62946239,1158284.4038534656,0.013858123455876116,19947.320701940273,315.36982764288416,7523874.821571064,30826286.03849498,1074839.2602244378,1027542.8679498327
1621209600000,2021-05-16,2021,5,16,6,Sun,3602.0048969299023,414265118099.5364,67531308123.83328,46.731685892063595,67122444.6500393,283317.7660148279,0.01307941649781595,18814.70729846585,79.29589939249385,6504861.257315641,29966218.632828146,929265.8939022345,998873.9544276049
1621296000000,2021-05-17,2021,5,17,0,Mon,3288.2298872378637,381161976477.9278,75100584775.8453,41.12186303067675,59304208.810098365,786980.6614456973,0.012367499732673015,17741.216487685873,236.68633672525306,6237884.179150681,30127337.1515097,891126.3113072402,1004244.57171699
1621382400000,2021-05-18,2021,5,18,1,Tue,3399.0492796569383,390227141901.1161,59160464538.280525,50.045243551544274,71621633.83045788,1759241.1208587033,0.014710871633281518,21257.904990880546,517.1314687336373,7028228.055320462,31418669.299002644,1004032.5793314946,1047288.9766334215
1621468800000,2021-05-19,2021,5,19,2,Wed,2505.014945945662,295232973801.7795,117905041184.06494,32.987665282705024,48654538.052132145,938919.5412142343,0.01320671829116042,19070.561771705947,375.89946947179527,6418870.0938719595,31661997.196218237,916981.4419817085,1055399.9065406078
1621555200000,2021-05-20,2021,5,20,3,Thu,2778.279660560299,322162621074.79614,92538167827.51727,38.542588672724655,55734048.95178978,983182.7223081634,0.01400681703196723,20187.54923699711,357.29983310922154,6047039.074944168,31740325.94752769,863862.724992024,1058010.8649175898
1621641600000,2021-05-21,2021,5,21,4,Fri,2419.1032171150196,279623071718.589,115000901891.803,28.67006951660451,40071432.22958642,1496097.3794786886,0.011876409665727911,16566.368173730516,619.7496440746422,7406023.595173781,32453243.787496343,1058003.3707391114,1081774.7929165447
1621728000000,2021-05-22,2021,5,22,5,Sat,2306.371266867117,268503273693.00333,102524751568.4531,28.17716705066971,48869258.72359985,673640.412190058,0.012137994823897734,20847.359734227608,290.1868673180514,6921379.603510372,31703881.329965036,988768.5147871961,1056796.0443321678
1621814400000,2021-05-23,2021,5,23,6,Sun,2120.0373745099428,244070264760.92874,77839858613.53922,23.529339552705796,40373291.812382124,872832.0818491825,0.011149898407306059,19231.94414957489,413.6108035440665,7510893.919344728,31786729.67359669,1072984.8456206755,1059557.6557865564
1621900800000,2021-05-24,2021,5,24,0,Mon,2640.1596323488234,306046123107.58295,73496058830.83229,33.95427203372545,58595864.7964898,914286.6203909797,0.012863230428397881,22241.719885912324,346.3681820069324,7638199.87829001,31853696.73959412,1091171.4111842872,1061789.8913198041
1621987200000,2021-05-25,2021,5,25,1,Tue,2695.4778071496326,312566215516.573,92468701273.98392,33.368958933982505,57502311.81132086,903453.8548979603,0.01237454538999268,21338.25991181939,335.0368453902612,6782412.612329266,32092359.69860881,968916.0874756094,1069745.3232869604
1622073600000,2021-05-26,2021,5,26,2,Wed,2882.483407624011,334435114557.1313,53115222704.62064,34.07113742811237,59082801.6097267,695957.71696072,0.011824762283554675,20506.05257774287,241.53976602130356,6539450.788075753,32543434.064405616,934207.2554393932,1084781.1354801871
1622160000000,2021-05-27,2021,5,27,3,Thu,2742.990862697615,319404492002.5219,44070236220.034096,33.578409706482304,57817368.559607856,160985.31467863554,0.012218824187168216,21007.051562459637,58.58083435066491,5717253.380446225,31836531.200128105,816750.4829208894,1061217.706670937
1622246400000,2021-05-28,2021,5,28,4,Fri,2433.328865728611,282228507934.91974,49493519120.23643,29.659106024903835,51237020.233978294,615831.7588062632,0.012187758754053894,21072.402275082124,253.06254689919558,4836987.759773799,31678646.702410724,690998.2513962571,1055954.8900803574
1622332800000,2021-05-29,2021,5,29,5,Sat,2294.626285512794,268672927561.12476,47141249182.27268,28.18099852846619,48493360.008483544,57254.34605202074,0.01227420085933328,20959.959935786457,24.937063276959996,4220601.693635762,31501885.0903609,602943.0990908231,1050062.8363453632
1622419200000,2021-05-30,2021,5,30,6,Sun,2395.8532280027384,278270782653.56213,37392021393.940125,28.935419084228897,49633936.13923882,506746.44706156926,0.012084675479630864,20699.462247725438,211.63911071648477,3854516.0588481487,30942683.65522209,550645.1512640213,1031422.7885074031
1622505600000,2021-05-31,2021,5,31,0,Mon,2708.429865793973,314463232386.7883,44445830387.932175,31.900941212961833,54873094.39297061,517110.44582702586,0.011779099899048068,20271.142401667188,190.93780210356044,3457339.884284195,30652874.07397356,493905.697754885,1021762.4691324519
1622592000000,2021-06-01,2021,6,1,1,Tue,2632.6565998696506,306488816882.1444,39898648753.4186,31.413666111892937,54112526.14138173,95889.59267905857,0.011935477699034072,20502.2638247256,36.43280892188102,2649775.622065293,30608740.104373682,378539.3745807562,1020291.336812456
1622678400000,2021-06-02,2021,6,2,2,Wed,2717.1540367097723,315313344228.8267,39148856525.29615,32.83355426098957,57404278.42374823,582750.4139782111,0.012092158799964408,21114.071862735775,214.61918166264178,2536568.3190827845,28532345.491140943,362366.90272611205,951078.1830380314
1622764800000,2021-06-03,2021,6,3,3,Thu,2858.27670209791,333964598115.05035,38104663185.40115,33.16787166574122,57325265.370281085,648792.5842274091,0.011602162553311826,19931.249437171875,226.94844883172385,3024375.588631558,26974194.71261281,432053.655518794,899139.8237537604
1622851200000,2021-06-04,2021,6,4,4,Fri,2694.4976666790503,312991097366.8545,39996583175.266685,29.32627329504186,50512570.69577826,73765.14557655527,0.010904921149861795,18753.49467088361,27.42943462428998,2482308.97540185,25813508.9533622,354615.56791455,860450.2984454067
1622937600000,2021-06-05,2021,6,5,5,Sat,2624.7689150594238,302743417251.8253,34731979704.601685,27.54273243255431,47445765.49482603,112237.40843962342,0.010572470990545776,18239.785716843893,43.083116306188096,2537292.0377894524,24131184.038742896,362470.2911127789,804372.8012914299
1623024000000,2021-06-06,2021,6,6,6,Sun,2711.5479390111605,315044778229.29706,29050162248.93885,27.78103482635588,47771887.05211458,139423.31660893594,0.01024114977658363,17653.631323779173,51.396755976330525,2169968.9073368195,22618885.5409977,309995.55819097423,753962.85136659
1623110400000,2021-06-07,2021,6,7,0,Mon,2580.5355800598445,299857516850.1987,37385872210.25046,26.956164843538975,46840908.21259401,590819.6642235569,0.01038630144649752,17976.16358300505,227.64481404390605,2243678.1257333504,21933391.137339145,320525.4465333358,731113.0379113049
1623196800000,2021-06-08,2021,6,8,1,Tue,2528.022300878691,294068580258.7281,48344195673.521126,25.60902293874882,44320820.336415865,788868.1507666132,0.010162523307825461,17524.53424028851,313.04946651582634,2936656.683820905,21419927.957835507,419522.38340298645,713997.5985945169
1623283200000,2021-06-09,2021,6,9,2,Wed,2620.6253893038547,304761367058.1624,43973432438.082634,30.749175698648198,53261039.315167904,234734.8804056962,0.011727130929977082,20333.054749471503,89.52326733334607,2588641.15024839,20600705.098630544,369805.87860691285,686690.1699543515
1623369600000,2021-06-10,2021,6,10,3,Thu,2486.600068788676,289444120869.42664,33075957436.760677,24.276038968589997,42220041.13428417,812366.7866127267,0.00976102305630734,16951.19882618092,326.64022926330364,2752215.3526337077,20444174.64055435,393173.62180481537,681472.4880184784
1623456000000,2021-06-11,2021,6,11,4,Fri,2356.6347741896757,272748408238.43475,26751786966.47868,22.523760896313526,40835439.99895884,541145.2571911055,0.009556320337107353,17444.35679043091,229.59564570191068,3219595.4642482577,19437042.39508272,459942.2091783225,647901.4131694239
1623542400000,2021-06-12,2021,6,12,5,Sat,2379.991747950219,278223731471.048,28235882061.70689,22.801666264224213,43768747.60375832,456414.7647165732,0.009578410529127813,18280.684231102587,191.72844376157957,3563772.8205252076,18538443.41856334,509110.4029321725,617948.1139521113
1623628800000,2021-06-13,2021,6,13,6,Sun,2517.771695525423,292767118262.08405,29382118964.283043,24.159290109766296,46051308.10321995,63245.157017578735,0.009597823816331638,18315.93554603581,25.12556749527866,3487594.6609338503,18464575.71633184,498227.80870483577,615485.8572110613
1623715200000,2021-06-14,2021,6,14,0,Mon,2587.381610979154,300405113218.4146,28128172338.347244,29.314252417034037,55409078.22188224,754710.1212126119,0.011321776243703677,21428.115804032885,291.48480403554515,3651485.1179229054,18061001.433690988,521640.73113184364,602033.3811230329
1623801600000,2021-06-15,2021,6,15,1,Tue,2561.1883309320033,298324322330.12646,26803957680.025055,27.64918755151728,52664584.76073511,576257.1157620193,0.0107655266003985,20548.197376596578,224.3722820732395,3438874.0829183115,18353940.783438176,491267.72613118734,611798.0261146058
1623888000000,2021-06-16,2021,6,16,2,Wed,2365.872786190649,274666655404.67456,26150320394.527775,23.395344697468968,44680420.30593496,581653.4532272775,0.009903213613599792,18942.769574158025,246.21301677255803,3785792.6557398927,18148613.575219758,540827.5222485561,604953.7858406586
1623974400000,2021-06-17,2021,6,17,3,Thu,2380.744519633922,275415199641.5411,25708624827.013702,23.449469617435096,44788925.15442371,450327.5268940705,0.009894538023138133,18909.37145438446,190.01635902272977,3423753.3960212367,16839699.981255125,489107.6280030338,561323.3327085042
1624060800000,2021-06-18,2021,6,18,4,Fri,2231.554315497782,260039646334.19235,26204484920.993828,21.840043976357208,41416224.24132254,491577.7238496671,0.009766997983727817,18721.38616218173,219.83649130389833,3374185.862679798,16392358.163890557,482026.55181139975,546411.9387963519
1624147200000,2021-06-19,2021,6,19,5,Sat,2176.308536317709,253396709038.79898,20456963374.959637,21.96966663148734,42023664.98248067,437643.67904062173,0.01008865332599166,19297.615872251437,200.96961106475763,3355414.777003847,15846819.120623015,479344.96814340673,528227.3040207672
1624233600000,2021-06-20,2021,6,20,6,Sun,2251.5605593660407,261478202409.18997,26235850446.54907,23.512433721376038,44976070.713181734,399443.294582686,0.01043907015797419,19968.513815652554,177.34517088675827,3691612.914568954,14750165.035727013,527373.2735098506,491672.1678575671
1624320000000,2021-06-21,2021,6,21,0,Mon,1900.1222998935382,223202708788.72086,39499960407.7835,16.97818404937529,32529593.013407566,374941.3071314727,0.00895719588012163,16927.2929498749,197.80812375214055,3311844.1004878148,14451465.930668427,473120.5857839735,481715.53102228086
1624406400000,2021-06-22,2021,6,22,1,Tue,1875.3576944712033,216876757208.59253,38755019936.85197,18.414721016160225,35247239.13033838,352530.6888615438,0.009831775550451042,18928.669399109043,188.2191212395195,3088117.673587339,13931164.53768079,441159.66765533417,464372.15125602635
1624492800000,2021-06-23,2021,6,23,2,Wed,1971.1059779809414,229518675836.76538,28098744044.509525,18.260423242400247,36333586.20806401,33133.6618327498,0.009260383161237671,18418.65071253117,16.8030280587192,2539597.8821928115,13050011.57912256,362799.6974561159,435000.385970752
1624579200000,2021-06-24,2021,6,24,3,Thu,1990.0761511910587,231644258719.40115,22447489241.67468,19.233908162760926,36859234.09023507,359419.8226415446,0.009667251823835212,18511.035393475846,180.64981420059146,2448690.1779402858,12505977.546866143,349812.882562898,416865.9182288714
1624665600000,2021-06-25,2021,6,25,4,Fri,1833.4631609981645,213871849531.6296,25981381067.41728,14.519869331009291,27808868.08740416,417051.9527400947,0.007905118354057985,15140.10825523285,227.05748729849472,2374164.406830713,12227071.782645518,339166.343832959,407569.05942151725
1624752000000,2021-06-26,2021,6,26,5,Sat,1817.047665540675,209989265221.48502,24249510320.705112,14.649054543558634,29231660.14809016,314682.0883853055,0.008062074732540505,16243.091082190509,173.18459058300078,2251202.816175397,12380768.556352189,321600.402310771,412692.28521173965
1624838400000,2021-06-27,2021,6,27,6,Sun,1973.9268648383472,229354016311.0035,24316408028.131123,18.41030347514374,35034730.73289245,376702.0126649497,0.009342996735635977,17886.63801800595,191.17151867637253,2228461.5342576606,12141638.810210874,318351.64775109437,404721.2936736958
1624924800000,2021-06-28,2021,6,28,0,Mon,2087.5187237874175,243040539437.43396,30629329805.72042,19.336448436593255,37002030.79944853,325048.0251654877,0.00927330315601987,17808.034633732168,155.8853420011087,2178568.2522916757,12409432.48932434,311224.036041668,413647.7496441447
1625011200000,2021-06-29,2021,6,29,1,Tue,2169.400067865984,253607549372.41992,27149143846.958942,21.529078474494014,41375824.63642592,536309.0436085794,0.009923917406268284,18957.293233487664,247.213862837265,2362346.607038711,12438995.085871352,337478.0867198159,414633.16952904506
1625097600000,2021-06-30,2021,6,30,2,Wed,2279.354161419647,265951575833.03497,29046221905.503418,21.176405530144674,40417624.08707058,437362.03336382116,0.009302608948671388,17839.204184621136,192.12929973350396,2766574.978569783,12359246.673408147,395224.9969385404,411974.8891136049
1625184000000,2021-07-01,2021,7,1,3,Thu,2121.657900633364,247210647940.18707,25874247678.48856,19.59190356728064,38621290.49103131,329291.3177186378,0.009208078736031283,18145.24385513805,154.76497065392468,2736446.473646876,12592648.398447726,390920.92480669654,419754.9466149242
1625270400000,2021-07-02,2021,7,2,4,Fri,2157.880584866453,250754468066.2188,22869223901.008,20.077560944444482,40166482.818670146,138050.99822748418,0.009310319402634827,18656.714259440745,64.01668464147275,2457445.5191342654,12147948.982696999,351063.64559060935,404931.6327565666
1625356800000,2021-07-03,2021,7,3,5,Sat,2228.532398568573,259079167729.78622,19954299562.699074,22.100143726065053,40714332.50924383,378580.7111179584,0.009896282734616107,18318.27685266319,169.5256737482953,2521344.1418669187,11877737.109587548,360192.0202667027,395924.5703195849
1625443200000,2021-07-04,2021,7,4,6,Sun,2329.004750998825,271472550895.4458,21119209512.99698,23.082910949318872,44382688.110678375,499597.97685257555,0.009905203762328672,19024.682417583437,214.38456227800623,2644240.1060545444,12303569.940863568,377748.58657922066,410118.99802878563
1625529600000,2021-07-05,2021,7,5,0,Mon,2217.3018530598792,258719784082.81683,22592756940.415127,21.769802206763632,42047650.84157197,388359.3605894482,0.009818150008182824,18804.139587170637,175.14952240422835,2707551.441478505,12579691.893013394,386793.0630683578,419323.0631004464
1625616000000,2021-07-06,2021,7,6,1,Tue,2320.6549288317,270697947572.19247,24748897613.709663,25.112679920196705,50208944.59284194,439550.3066247195,0.010819496441884246,21625.781627031254,189.37496888695387,2610792.7044946444,12879818.883029178,372970.3863563778,429327.29610097257
1625702400000,2021-07-07,2021,7,7,2,Wed,2317.23694270242,270116728160.1227,23352988376.91004,30.392898257827344,58466056.64828802,778252.0580742295,0.013116370855398884,25253.189372259763,335.8627573482602,2951682.7292050533,13067251.276879849,421668.9613150076,435575.04256266163
1625788800000,2021-07-08,2021,7,8,3,Thu,2126.4424673902267,248124573571.6789,24133566100.864506,26.50074591884624,50955756.80611591,86660.72661552817,0.012454206793436113,23947.0064172079,40.726801179270716,2709052.138101944,12365043.852728765,387007.4483002777,412168.1284242922
1625875200000,2021-07-09,2021,7,9,4,Fri,2156.5809569525845,251611015863.3228,22262234450.01033,26.941889886111053,51814203.14677895,127946.93069409854,0.012491574077314386,23984.565397030347,59.32243689980589,2698948.070568558,12258255.903017167,385564.0100812226,408608.5301005722
1625961600000,2021-07-10,2021,7,10,5,Sat,2123.0585974934124,247860822594.06396,18091111748.440804,26.630941719700616,51086245.34967539,219401.34350681707,0.01255388650801278,24037.88542805158,103.42629243383259,2539768.7029574164,11665290.459911257,362824.10042248806,388843.01533037523
1626048000000,2021-07-11,2021,7,11,6,Sun,2144.0142572722566,250027222000.60455,14249909363.131065,28.393146168627514,54324772.14285916,269093.6090306876,0.01324673505956779,25346.645905377805,125.54479605331971,2309264.3351355284,11393238.81175084,329894.9050193612,379774.62705836137
1626134400000,2021-07-12,2021,7,12,0,Mon,2042.4991866143628,238086643137.17004,16403901753.797194,26.146516790546695,50284590.031513765,54405.62264205724,0.012796315946815563,24625.996298696344,26.626549998533488,1975310.5971881377,10991229.669676324,282187.22816973395,366374.3223225441
1626220800000,2021-07-13,2021,7,13,1,Tue,1944.3950166372085,227135827760.92883,18210922217.703205,28.034980797743035,53588561.986137874,210354.46586507108,0.014427656587799938,27475.736336666825,108.25482696444926,1746114.756428489,11138338.978523817,249444.96520406986,371277.9659507939
1626307200000,2021-07-14,2021,7,14,2,Wed,1997.6633136705987,232939479730.00745,20007437042.5854,27.059155325712382,51995288.42019188,269677.6136577369,0.013553456380825613,26048.610923152566,135.07678749018942,1237540.3120119967,10653306.47096894,176791.47314457098,355110.21569896466
1626393600000,2021-07-15,2021,7,15,3,Thu,1910.7269516309964,223534356736.75906,17978198759.76909,24.274075079438067,46706026.18438482,190850.62523790015,0.012705251603582669,24391.548056965003,99.89279527287013,1341730.2106343687,10267899.980444822,191675.74437633838,342263.33268149407
1626480000000,2021-07-16,2021,7,16,4,Fri,1874.2002496808186,218477848474.5608,17448403933.724445,23.150541381973518,44359867.15322953,119337.39795503921,0.012355397388641429,23724.519799103342,63.69012934656739,1333120.6778953094,9805583.925172584,190445.81112790134,326852.7975057528
1626566400000,2021-07-17,2021,7,17,5,Sat,1899.8427500663568,221838551362.95905,14920352990.216908,23.049146572693466,44329822.880149566,83134.67593101319,0.012129003443600336,23356.130215744077,43.74742324926023,1196854.0103195056,9438391.074209526,170979.14433135794,314613.03580698423
1626652800000,2021-07-18,2021,7,18,6,Sun,1905.723382843169,222305469349.28598,15355055465.803198,21.33816784258431,41033172.23484405,122892.09686521199,0.011254854208222073,21643.018960718015,64.8196529226078,1050652.4981540297,9069705.447225071,150093.21402200425,302323.5149075024
1626739200000,2021-07-19,2021,7,19,0,Mon,1824.929392091902,214106247241.3399,15768554506.425838,19.612320864886424,37566391.78288767,132818.61302585964,0.010721924037687451,20493.741319368164,72.61104330614462,1129065.4885378322,8764880.381210309,161295.06979111888,292162.67937367695
1626825600000,2021-07-20,2021,7,20,1,Tue,1794.973425186835,209392844466.0158,20634025154.91444,18.88714110246316,36615282.650846355,179663.1980440428,0.010521288482749936,20420.362291690104,100.08334909449515,1098374.2207168038,8545100.284671666,156910.6029595434,284836.6761557222
1626912000000,2021-07-21,2021,7,21,2,Wed,2003.7239214521073,233005814487.5354,25849497421.028152,20.021548889929083,38438157.90140123,370980.237430164,0.009985932122651545,19368.72003620322,185.0298141362176,1199676.844489231,8541139.214970358,171382.40635560444,284704.6404990119
1626998400000,2021-07-22,2021,7,22,3,Thu,2027.5334479167045,236554595198.76672,21655718476.41885,19.936646244291808,38299983.75439811,456284.6306162687,0.009836424438418144,18911.02056099918,225.12358580638957,1465110.8498675996,8644893.156725083,209301.54998108564,288163.10522416944
1627084800000,2021-07-23,2021,7,23,4,Fri,2117.154607794504,247068794868.14566,20760571836.05241,19.53120697995798,37532315.922129735,294299.67019155656,0.009223509545604741,17745.482516859975,138.98146796895955,1640073.1221041167,8906059.165083889,234296.1603005881,296868.6388361296
1627171200000,2021-07-24,2021,7,24,5,Sat,2183.627414557696,255023351844.8617,19333415460.111233,22.103012974615506,43220272.46208224,160934.23580901494,0.010103849452711264,19800.824759505187,73.5671327827064,1717872.6819821186,8707573.57825136,245410.38314030267,290252.45260837866
1627257600000,2021-07-25,2021,7,25,6,Sun,2209.4993601030114,258067996305.1722,16557827418.503304,21.972513146833297,41791021.06200616,111171.95815687778,0.00995129970418235,19203.96573159528,50.34951928015355,1706152.5432737845,8401693.583668143,243736.07761054064,280056.45278893807
1627344000000,2021-07-26,2021,7,26,0,Mon,2230.212067673471,261543645427.02673,35197538271.146904,22.787384437529305,43994075.146254696,67460.47420200027,0.010224090944053302,19655.83415180758,30.267713491254664,1640794.404449925,8154471.969484837,234399.20063570357,271815.7323161612
1627430400000,2021-07-27,2021,7,27,1,Tue,2292.579636803809,267339757878.51932,28862032737.553215,23.548644353298464,45562681.323101796,117127.80251122992,0.010313482804574475,19928.847868370136,51.29788190834691,1578259.0089171121,7894897.759331117,225465.5727024446,263163.2586443706
1627516800000,2021-07-28,2021,7,28,2,Wed,2299.689405936291,268838784855.6686,23171592869.594303,23.950141096703074,46031007.944093786,158075.61567720413,0.01040424246996434,20008.559451315243,68.67003528095823,1365354.3871641525,7727925.349842833,195050.62673773608,257597.51166142776
1627603200000,2021-07-29,2021,7,29,3,Thu,2383.443259961735,278785893426.22424,18266719970.961597,25.78286286718437,49659097.51741568,426611.80042636476,0.010759006118165925,20657.287444284648,178.02208368066627,1335681.5569742485,7618228.106660618,190811.6509963212,253940.93688868728
1627689600000,2021-07-30,2021,7,30,4,Fri,2462.3999826480103,287344044145.01373,24040211451.365524,27.201082733601304,52307523.35515072,445438.14506372163,0.011057774441082743,21264.03571863795,181.07935569360353,1486820.0318464134,7626304.218360519,212402.86169234477,254210.1406120173
1627776000000,2021-07-31,2021,7,31,5,Sat,2541.674599365905,297505707149.10004,21579519281.279892,29.765611112516297,57245139.79817386,102745.25685671614,0.011710240431387305,22502.02864244809,40.42153397854691,1428631.0528941147,7399758.157498598,204090.15041344496,246658.60524995328
1627862400000,2021-08-01,2021,8,1,6,Sun,2555.408178513038,297290528238.90314,25689002090.279446,28.374315933255826,54525352.27218956,479502.723637345,0.011110279824253408,21500.574085481017,187.7546386892315,1796961.8183745819,7741209.882908459,256708.83119636885,258040.32943028197
1627948800000,2021-08-02,2021,8,2,0,Mon,2611.6730699481845,306483554365.1923,26664958251.58228,29.0996648574114,56168321.28526199,45650.350720156785,0.011118900601005052,21411.915128794393,17.44287140575664,1775151.6948927382,7408279.522510657,253593.0992703912,246942.65075035524
1628035200000,2021-08-03,2021,8,3,1,Tue,2521.268474889094,294760000421.45154,26304380467.43418,27.607461219680545,53234595.64302017,97357.03272248979,0.01098861285207079,21185.581046459385,38.75107285313094,1755380.9251039983,7006038.578380572,250768.70358628547,233534.6192793524
1628121600000,2021-08-04,2021,8,4,2,Wed,2724.5322427136302,319613239659.44226,29356647318.25012,29.785521602969702,58529933.39314664,527461.2488819178,0.010929827382306408,21401.091740113006,193.55244061129108,2124766.558308712,7145140.466673041,303538.07975838747,238171.34888910135
1628208000000,2021-08-05,2021,8,5,3,Thu,2821.649692746136,330223699956.3277,37970347683.56547,33.15227236040426,66192748.49357904,236040.51436975916,0.011740718981526623,23433.92153539592,83.5926212641837,1934195.2722521063,6941630.674418081,276313.6103217295,231387.68914726935
1628294400000,2021-08-06,2021,8,6,4,Fri,2888.7322742752317,337961452767.8669,30876444992.275696,35.28791867858808,70373851.27785964,528469.8735431915,0.01221654971959727,24350.890216514163,182.95435738937715,2017227.0007315762,6691848.489887042,288175.2858187966,223061.61632956806
1628380800000,2021-08-07,2021,8,7,5,Sat,3151.2175169176753,368235028077.73975,38870720439.186905,36.85583498478371,73912887.42900994,489441.4592871799,0.011694526865776165,23487.222453548322,155.30203825857527,2403923.2031620396,7094629.222558694,343417.60045171995,236487.64075195647
